{"_type":"export","__export_format":4,"__export_date":"2023-11-08T11:03:31.939Z","__export_source":"insomnia.desktop.app:v2022.3.0","resources":[{"_id":"req_c9a88c44a2f140d28a8e5eb7500e99f1","parentId":"fld_0507f718f1c648c386a00914785c240f","modified":1699435891120,"created":1699378726342,"url":"{{ _.base_url }}/v1/auth","name":"Signup","description":"","method":"POST","body":{"mimeType":"application/json","text":"{\n\t\"nome\": \"{% faker 'name', '', '', '', '', '', '', '', '', '', '', '', '', '', '', '', '', '', '', '', '', '', '', '', '', '', 'en' %}\",\n\t\"email\": \"{% faker 'internet', '', '', '', '', '', '', '', '', '', '', '', '', '', 'email', '', '', '', '', '', '', '', '', '', '', '', 'en' %}\",\n\t\"senha\": \"12345678\"\n}"},"parameters":[],"headers":[{"name":"Content-Type","value":"application/json","id":"pair_7620a567e24b4fecbd217e92c9360915"}],"authentication":{},"metaSortKey":-1699378726342,"isPrivate":false,"settingStoreCookies":true,"settingSendCookies":true,"settingDisableRenderRequestBody":false,"settingEncodeUrl":true,"settingRebuildPath":true,"settingFollowRedirects":"global","_type":"request"},{"_id":"fld_0507f718f1c648c386a00914785c240f","parentId":"wrk_eb765d8fa5f8478bb9876858459189c7","modified":1699109868255,"created":1699109868255,"name":"Auth","description":"","environment":{},"environmentPropertyOrder":null,"metaSortKey":-1699109868255,"_type":"request_group"},{"_id":"wrk_eb765d8fa5f8478bb9876858459189c7","parentId":null,"modified":1697894808560,"created":1697894808560,"name":"Loja Virtual","description":"","scope":"collection","_type":"workspace"},{"_id":"req_d1de8ca9ede7489696e7426591068c59","parentId":"fld_0507f718f1c648c386a00914785c240f","modified":1699439096330,"created":1699353398170,"url":"{{ _.base_url }}/v1/auth","name":"Login as Admin","description":"","method":"PUT","body":{"mimeType":"application/json","text":"{\n\t\"email\": \"Breanna_Cronin@hotmail.com\",\n\t\"senha\": \"12345678\"\n}"},"parameters":[],"headers":[{"name":"Content-Type","value":"application/json","id":"pair_d161d79d1ad0444980b6b1ef730d59e0"}],"authentication":{},"metaSortKey":-1699353398170,"isPrivate":false,"settingStoreCookies":true,"settingSendCookies":true,"settingDisableRenderRequestBody":false,"settingEncodeUrl":true,"settingRebuildPath":true,"settingFollowRedirects":"global","_type":"request"},{"_id":"req_b8aa5bf78bd34b99944cfb8324ee16b4","parentId":"fld_0507f718f1c648c386a00914785c240f","modified":1699438795740,"created":1699109890987,"url":"{{ _.base_url }}/v1/auth","name":"Login as client","description":"","method":"PUT","body":{"mimeType":"application/json","text":"{\n\t\"email\": \"Rosina.Stark@gmail.com\",\n\t\"senha\": \"12345678\"\n}"},"parameters":[],"headers":[{"name":"Content-Type","value":"application/json","id":"pair_746019db7f49475db46dfd73de6c45a6"}],"authentication":{},"metaSortKey":-1699352426876,"isPrivate":false,"settingStoreCookies":true,"settingSendCookies":true,"settingDisableRenderRequestBody":false,"settingEncodeUrl":true,"settingRebuildPath":true,"settingFollowRedirects":"global","_type":"request"},{"_id":"req_49403d9ff70b4800a990dbbdba1a7968","parentId":"fld_0507f718f1c648c386a00914785c240f","modified":1699438634129,"created":1699437193343,"url":"{{ _.base_url }}/v1/auth","name":"Logout","description":"","method":"DELETE","body":{},"parameters":[],"headers":[],"authentication":{},"metaSortKey":-1699352426826,"isPrivate":false,"settingStoreCookies":true,"settingSendCookies":true,"settingDisableRenderRequestBody":false,"settingEncodeUrl":true,"settingRebuildPath":true,"settingFollowRedirects":"global","_type":"request"},{"_id":"req_6bf09cfc6496448a9c293e11b624f8f7","parentId":"fld_0e45af844ccf418a88c55e1f9a070dc1","modified":1699386865865,"created":1699106870342,"url":"{{ _.base_url }}/v1/usuario","name":"Get All","description":"","method":"GET","body":{},"parameters":[],"headers":[],"authentication":{},"metaSortKey":-1699107536938,"isPrivate":false,"settingStoreCookies":true,"settingSendCookies":true,"settingDisableRenderRequestBody":false,"settingEncodeUrl":true,"settingRebuildPath":true,"settingFollowRedirects":"global","_type":"request"},{"_id":"fld_0e45af844ccf418a88c55e1f9a070dc1","parentId":"wrk_eb765d8fa5f8478bb9876858459189c7","modified":1699106400524,"created":1699106400524,"name":"Usuario","description":"","environment":{},"environmentPropertyOrder":null,"metaSortKey":-1699106400524,"_type":"request_group"},{"_id":"req_73988f3b3cf646ad80e7e33a586bae5e","parentId":"fld_0e45af844ccf418a88c55e1f9a070dc1","modified":1699107523679,"created":1699106787878,"url":"{{ _.base_url }}/v1/usuario?tipo=60124bd9-8654-4717-ba11-deda3df4e0bb","name":"Get Admins","description":"","method":"GET","body":{},"parameters":[],"headers":[],"authentication":{},"metaSortKey":-1699106787878,"isPrivate":false,"settingStoreCookies":true,"settingSendCookies":true,"settingDisableRenderRequestBody":false,"settingEncodeUrl":true,"settingRebuildPath":true,"settingFollowRedirects":"global","_type":"request"},{"_id":"req_fb9379cf0ac84588a1ffb722085a01b5","parentId":"fld_0e45af844ccf418a88c55e1f9a070dc1","modified":1699106856054,"created":1699106843464,"url":"{{ _.base_url }}/v1/usuario?tipo=daf7a4e1-3345-49a5-809d-55bb4d0633d7","name":"Get Clientes","description":"","method":"GET","body":{},"parameters":[],"headers":[],"authentication":{},"metaSortKey":-1699106600401,"isPrivate":false,"settingStoreCookies":true,"settingSendCookies":true,"settingDisableRenderRequestBody":false,"settingEncodeUrl":true,"settingRebuildPath":true,"settingFollowRedirects":"global","_type":"request"},{"_id":"req_3b6b99ca5e51448e8be57880b7ed7eb7","parentId":"fld_0e45af844ccf418a88c55e1f9a070dc1","modified":1699386867933,"created":1699107536888,"url":"{{ _.base_url }}/v1/usuario/2ecceaea-fabb-49ac-8b01-34ee116fea08","name":"Get single user","description":"","method":"GET","body":{},"parameters":[],"headers":[],"authentication":{},"metaSortKey":-1699106553531.75,"isPrivate":false,"settingStoreCookies":true,"settingSendCookies":true,"settingDisableRenderRequestBody":false,"settingEncodeUrl":true,"settingRebuildPath":true,"settingFollowRedirects":"global","_type":"request"},{"_id":"req_90cf0955c56d46d39b9631dd524f7c7a","parentId":"fld_0e45af844ccf418a88c55e1f9a070dc1","modified":1699436867159,"created":1699106527401,"url":"{{ _.base_url }}/v1/usuario","name":"Create Cliente","description":"","method":"POST","body":{"mimeType":"application/json","text":"{\n\t\"nome\": \"{% faker 'name', '', '', '', '', '', '', '', '', '', '', '', '', '', '', '', '', '', '', '', '', '', '', '', '', '', 'en' %}\",\n\t\"email\": \"{% faker 'internet', '', '', '', '', '', '', '', '', '', '', '', '', '', 'email', '', '', '', '', '', '', '', '', '', '', '', 'en' %}\",\n\t\"senha\": \"12345678\",\n\t\"tipoUsuarioId\": \"6a4cda94-fbb6-476b-be29-f4124cae9058\"\n}"},"parameters":[],"headers":[{"name":"Content-Type","value":"application/json","id":"pair_374e8519859e413e8f5f7b707460b1ab"}],"authentication":{},"metaSortKey":-1699106506662.5,"isPrivate":false,"settingStoreCookies":true,"settingSendCookies":true,"settingDisableRenderRequestBody":false,"settingEncodeUrl":true,"settingRebuildPath":true,"settingFollowRedirects":"global","_type":"request"},{"_id":"req_a811183dd12e4a2c8a3512e4fb1f5473","parentId":"fld_0e45af844ccf418a88c55e1f9a070dc1","modified":1699436871440,"created":1699106412924,"url":"{{ _.base_url }}/v1/usuario","name":"Create Admin","description":"","method":"POST","body":{"mimeType":"application/json","text":"{\n\t\"nome\": \"{% faker 'name', '', '', '', '', '', '', '', '', '', '', '', '', '', '', '', '', '', '', '', '', '', '', '', '', '', 'en' %}\",\n\t\"email\": \"{% faker 'internet', '', '', '', '', '', '', '', '', '', '', '', '', '', 'email', '', '', '', '', '', '', '', '', '', '', '', 'en' %}\",\n\t\"senha\": \"12345678\",\n\t\"tipoUsuarioId\": \"7edd25c6-c89e-4c06-ae50-c3c32d71b8ad\"\n}"},"parameters":[],"headers":[{"name":"Content-Type","value":"application/json","id":"pair_374e8519859e413e8f5f7b707460b1ab"}],"authentication":{},"metaSortKey":-1699106412924,"isPrivate":false,"settingStoreCookies":true,"settingSendCookies":true,"settingDisableRenderRequestBody":false,"settingEncodeUrl":true,"settingRebuildPath":true,"settingFollowRedirects":"global","_type":"request"},{"_id":"req_8fa55bf968bc4b9d964edfbc32293b5c","parentId":"fld_0e45af844ccf418a88c55e1f9a070dc1","modified":1699386858865,"created":1699352545202,"url":"{{ _.base_url }}/v1/usuario/bed80e30-fd97-4427-b278-4210454950b8","name":"Delete User","description":"","method":"DELETE","body":{},"parameters":[],"headers":[],"authentication":{},"metaSortKey":-1698871359498,"isPrivate":false,"settingStoreCookies":true,"settingSendCookies":true,"settingDisableRenderRequestBody":false,"settingEncodeUrl":true,"settingRebuildPath":true,"settingFollowRedirects":"global","_type":"request"},{"_id":"req_e0a679211cde4a83922cf46cada85724","parentId":"fld_cebe2a3f3b284fd49da8e353e2b32681","modified":1699439766345,"created":1699439686510,"url":"{{ _.base_url }}/v1/linguagem","name":"Get Linguagem","description":"","method":"GET","body":{},"parameters":[],"headers":[],"authentication":{},"metaSortKey":-1699439686510,"isPrivate":false,"settingStoreCookies":true,"settingSendCookies":true,"settingDisableRenderRequestBody":false,"settingEncodeUrl":true,"settingRebuildPath":true,"settingFollowRedirects":"global","_type":"request"},{"_id":"fld_cebe2a3f3b284fd49da8e353e2b32681","parentId":"wrk_eb765d8fa5f8478bb9876858459189c7","modified":1698413298380,"created":1698413298380,"name":"Language","description":"","environment":{},"environmentPropertyOrder":null,"metaSortKey":-1698413298380,"_type":"request_group"},{"_id":"req_8144e20452af429b9fa8907427018648","parentId":"fld_cebe2a3f3b284fd49da8e353e2b32681","modified":1699439708224,"created":1698479603788,"url":"{{base_url}}/v1/language/delete","name":"Delete Linguagem","description":"","method":"GET","body":{},"parameters":[],"headers":[],"authentication":{},"metaSortKey":-1698479603788,"isPrivate":false,"settingStoreCookies":true,"settingSendCookies":true,"settingDisableRenderRequestBody":false,"settingEncodeUrl":true,"settingRebuildPath":true,"settingFollowRedirects":"global","_type":"request"},{"_id":"req_dc013b2552d149e98b0568681bfd938d","parentId":"fld_cebe2a3f3b284fd49da8e353e2b32681","modified":1699439796334,"created":1698413308822,"url":"{{base_url}}/v1/linguagem","name":"Change Linguagem","description":"","method":"POST","body":{"mimeType":"application/json","text":"{\n\t\"lang\": \"en-US\"\n}"},"parameters":[],"headers":[{"name":"Content-Type","value":"application/json","id":"pair_1f2f2b112a904e96a673c95476bd87a7"}],"authentication":{},"metaSortKey":-1698413308822,"isPrivate":false,"settingStoreCookies":true,"settingSendCookies":true,"settingDisableRenderRequestBody":false,"settingEncodeUrl":true,"settingRebuildPath":true,"settingFollowRedirects":"global","_type":"request"},{"_id":"req_3e5516c6b83f40769433310e9efbe713","parentId":"fld_0e4510fc977244a4aa0a3c2ce839cf30","modified":1699436904107,"created":1697895133937,"url":"{{base_url}}/v1/produto","name":"Get Produtos","description":"","method":"GET","body":{"mimeType":"application/json","text":"{\n\t\"lang\": \"en-US\"\n}"},"parameters":[],"headers":[{"name":"Content-Type","value":"application/json","id":"pair_8b8c3eb873304ac7adcd6381e1fd3fea"}],"authentication":{},"metaSortKey":-1697898641332,"isPrivate":false,"settingStoreCookies":true,"settingSendCookies":true,"settingDisableRenderRequestBody":false,"settingEncodeUrl":true,"settingRebuildPath":true,"settingFollowRedirects":"global","_type":"request"},{"_id":"fld_0e4510fc977244a4aa0a3c2ce839cf30","parentId":"wrk_eb765d8fa5f8478bb9876858459189c7","modified":1697894950205,"created":1697894950205,"name":"Produto","description":"","environment":{},"environmentPropertyOrder":null,"metaSortKey":-1697894950205,"_type":"request_group"},{"_id":"req_b90135e9a2eb43cc9ebf4a4ef59ee52f","parentId":"fld_0e4510fc977244a4aa0a3c2ce839cf30","modified":1699439102163,"created":1697896618080,"url":"{{ _.base_url }}/v1/produto","name":"Create Produto","description":"","method":"POST","body":{"mimeType":"application/json","text":"{\n\t\"nome\": \"{% faker 'commerce', '', '', '', 'product', '', '', '', '', '', '', '', '', '', '', '', '', '', '', '', '', '', '', '', '', '', 'en' %}\",\n\t\"preco\": {% faker 'commerce', '', '', '', 'price', '', '', '', '', '', '', '', '', '', '', '', '', '', '', '', '', '', '', '', '', '', 'en' %},\n\t\"estoque\": 1\n}"},"parameters":[],"headers":[{"name":"Content-Type","value":"application/json","id":"pair_04f2050301c74ef580d02fae7e6bdc50"}],"authentication":{},"metaSortKey":-1697898641307,"isPrivate":false,"settingStoreCookies":true,"settingSendCookies":true,"settingDisableRenderRequestBody":false,"settingEncodeUrl":true,"settingRebuildPath":true,"settingFollowRedirects":"global","_type":"request"},{"_id":"req_3792515150664259adf4eacd69a1278f","parentId":"fld_0e4510fc977244a4aa0a3c2ce839cf30","modified":1699386885554,"created":1697897470450,"url":"{{base_url}}/v1/produto/243b4ac5-4c2a-4375-8253-8b5ec789683a","name":"Get Produto","description":"","method":"GET","body":{},"parameters":[],"headers":[],"authentication":{},"metaSortKey":-1697898641294.5,"isPrivate":false,"settingStoreCookies":true,"settingSendCookies":true,"settingDisableRenderRequestBody":false,"settingEncodeUrl":true,"settingRebuildPath":true,"settingFollowRedirects":"global","_type":"request"},{"_id":"req_7e72b0671be345129ddf025507a92d81","parentId":"fld_0e4510fc977244a4aa0a3c2ce839cf30","modified":1699352521273,"created":1697898641282,"url":"{{ _.base_url }}/v1/produto/243b4ac5-4c2a-4375-8253-8b5ec789683a","name":"Update Produto","description":"","method":"PUT","body":{"mimeType":"application/json","text":"{\n\t\"nome\": \"Chair\",\n\t\"preco\": 850.00,\n\t\"estoque\": 5\n}"},"parameters":[],"headers":[{"name":"Content-Type","value":"application/json","id":"pair_a1dee324745c41c58588bfbaf7c643c3"}],"authentication":{},"metaSortKey":-1697898641282,"isPrivate":false,"settingStoreCookies":true,"settingSendCookies":true,"settingDisableRenderRequestBody":false,"settingEncodeUrl":true,"settingRebuildPath":true,"settingFollowRedirects":"global","_type":"request"},{"_id":"req_074b8061aeb94c859f1a1537bb3d25e7","parentId":"fld_71762a65f16e4f50afaf4bcecaddff09","modified":1699438860444,"created":1699438853763,"url":"{{ _.base_url }}/v1/compra","name":"Finaliza Compra","description":"","method":"POST","body":{},"parameters":[],"headers":[],"authentication":{},"metaSortKey":-1699438853763,"isPrivate":false,"settingStoreCookies":true,"settingSendCookies":true,"settingDisableRenderRequestBody":false,"settingEncodeUrl":true,"settingRebuildPath":true,"settingFollowRedirects":"global","_type":"request"},{"_id":"fld_71762a65f16e4f50afaf4bcecaddff09","parentId":"fld_0e4510fc977244a4aa0a3c2ce839cf30","modified":1699438914990,"created":1699435921752,"name":"Compra","description":"","environment":{},"environmentPropertyOrder":null,"metaSortKey":-1697898641232,"_type":"request_group"},{"_id":"req_f61bb7baf4d74084b181583180b094a5","parentId":"fld_71762a65f16e4f50afaf4bcecaddff09","modified":1699437083873,"created":1699437075270,"url":"{{ _.base_url }}/v1/compra","name":"Get Carrinho","description":"","method":"GET","body":{},"parameters":[],"headers":[],"authentication":{},"metaSortKey":-1699437075270,"isPrivate":false,"settingStoreCookies":true,"settingSendCookies":true,"settingDisableRenderRequestBody":false,"settingEncodeUrl":true,"settingRebuildPath":true,"settingFollowRedirects":"global","_type":"request"},{"_id":"req_f0e46c8ab1334ad28efa2f67d42acf1e","parentId":"fld_71762a65f16e4f50afaf4bcecaddff09","modified":1699436921380,"created":1699435944354,"url":"{{ _.base_url }}/v1/compra/165dd029-5885-4bde-91de-7333a61d6b8d/4","name":"Add produto carrinho","description":"","method":"POST","body":{},"parameters":[],"headers":[],"authentication":{},"metaSortKey":-1699435944354,"isPrivate":false,"settingStoreCookies":true,"settingSendCookies":true,"settingDisableRenderRequestBody":false,"settingEncodeUrl":true,"settingRebuildPath":true,"settingFollowRedirects":"global","_type":"request"},{"_id":"env_e08a46386afa76d37a4a10880c337a08525ae084","parentId":"wrk_eb765d8fa5f8478bb9876858459189c7","modified":1699099029671,"created":1697894808563,"name":"Base Environment","data":{"base_url":"http://localhost:3333"},"dataPropertyOrder":{"&":["base_url"]},"color":null,"isPrivate":false,"metaSortKey":1697894808563,"_type":"environment"},{"_id":"jar_e08a46386afa76d37a4a10880c337a08525ae084","parentId":"wrk_eb765d8fa5f8478bb9876858459189c7","modified":1699439797239,"created":1697894808564,"name":"Default Jar","cookies":[{"key":"lang","value":"en-US","domain":"localhost","path":"/","hostOnly":true,"creation":"2023-10-27T13:35:48.584Z","lastAccessed":"2023-11-08T10:36:37.239Z","id":"519773804852308"},{"key":"connect.sid","value":"s%3Af4e6022b-1e0f-4db1-90a2-6de1a1cfc176.KMrXvOM6BTeExuPS1O%2Bm9Y9a1YzxVRhl6YkXbr1VR%2Bo","domain":"localhost","path":"/","httpOnly":true,"hostOnly":true,"creation":"2023-11-04T11:59:01.257Z","lastAccessed":"2023-11-08T10:35:54.681Z","id":"03494078980437454"}],"_type":"cookie_jar"},{"_id":"spc_5a9b11c765d5491685187e5a354d889c","parentId":"wrk_eb765d8fa5f8478bb9876858459189c7","modified":1697894808562,"created":1697894808562,"fileName":"Loja Virtual","contents":"","contentType":"yaml","_type":"api_spec"}]}